workType,parent,filename,extent,masterFilename,collectionCallNumber,title,creator,description,dateCreatedDisplay,dateCreated,subjectTopic,subjectName,subjectPlace,resourceType,physicalFormat,physicalDescription,staffNote,rightsStatement,rightsHolder,accessRights,rightsStatus,publisher,publisherHomepage,boxFolder,accessionNumber
collection,,,122 images,,MS 2,Ansel Adams Photographs,,"This online collection consists of digitized images selected from the Library's 485 black and white, silver gelatin prints by Ansel Adams. Adams took the photographs between 1962 and 1968\; they document the land, building sites, and early activities of the University of California Santa Cruz campus.",1962-1968,1962; 1963; 1964; 1965; 1966; 1967; 1968,,http://id.loc.gov/authorities/names/n79059545,http://www.geonames.org/5404900/university-of-california-santa-cruz.html,http://purl.org/dc/dcmitype/Collection,,,,"Copyright for this work resides with the Regents of the University of California. The digital copy of this work is intended to support research, teaching, and private study. The publication or use of any work protected by copyright beyond that allowed by fair use for research or educational purposes requires written permission from the copyright owner. For permission to publish or to reproduce the material, or to order an image, please contact the California Museum of Photography at UC Riverside.",Regents of the University of California,Public,http://rightsstatements.org/vocab/InC/1.0/,"University of California, Santa Cruz. McHenry Library, Special Collections. 1156 High Street. Santa Cruz, CA, 95064. (831) 459-2547. speccoll@library.ucsc.edu",guides.library.ucsc.edu/speccoll,,
work,row:2,ms0002_pho_0204.tif,,ms0002_pho_0204.tif,,"Ansel Adams UCSC Extension Photography Seminar group photo, summer 1967","Lowry, Alexander, 1937-2010",,1967,1967,http://id.loc.gov/authorities/subjects/sh85101179; http://id.loc.gov/authorities/subjects/sh85101206,http://id.loc.gov/authorities/names/n79056359; http://id.loc.gov/authorities/names/n50074310,,http://purl.org/dc/dcmitype/Image,http://vocab.getty.edu/aat/300128695,10 x 13 1/2 in,"Received anonymously in campus mail, April 1996. This is not an Ansel Adams image.",,,,,,,Box 3,ms0002_pho_0204
work,row:2,ms0002_pho_0055.tif,,ms0002_pho_0055.tif,,Campus forest with road,http://id.loc.gov/authorities/names/n79056359,,1962-1968,1962; 1963; 1964; 1965; 1966; 1967; 1968,http://id.loc.gov/authorities/subjects/sh85114487; http://id.loc.gov/authorities/subjects/sh85137241; http://id.loc.gov/authorities/subjects/sh85101229; Campus grounds,,,http://purl.org/dc/dcmitype/Image,http://vocab.getty.edu/aat/300192703,4 x 6 in,This image is duplicated in ms0002_pho_0036.,,,,,,,Box 1,ms0002_pho_0055
work,row:2,ms0002_pho_0267.tif,,ms0002_pho_0267.tif,,Campus forest with road,http://id.loc.gov/authorities/names/n79056359,,1962-1968,1962; 1963; 1964; 1965; 1966; 1967; 1968,http://id.loc.gov/authorities/subjects/sh85114487; http://id.loc.gov/authorities/subjects/sh85137241; http://id.loc.gov/authorities/subjects/sh85101229; Campus grounds,,,http://purl.org/dc/dcmitype/Image,http://vocab.getty.edu/aat/300128695,10 3/4 x 12 1/4 in,"This image is duplicated in ms0002_pho_0025, ms0002_pho_0313, ms0002_pho_0354, and ms0002_pho_0424. UCR CMP #1987.0027.6.UCSC.9.1",,,,,,,Box 4,ms0002_pho_0267
work,row:2,ms0002_pho_0319.tif,,ms0002_pho_0319.tif,,Campus forest,http://id.loc.gov/authorities/names/n79056359,,1962-1968,1962; 1963; 1964; 1965; 1966; 1967; 1968,http://id.loc.gov/authorities/subjects/sh85137241; http://id.loc.gov/authorities/subjects/sh85101229; Campus grounds,,,http://purl.org/dc/dcmitype/Image,http://vocab.getty.edu/aat/300128695,13 1/2 x 10 1/2 in,6-104-5-9\; Gate 6,,,,,,,Box 6,ms0002_pho_0319
work,row:2,ms0002_pho_0228.tif,,ms0002_pho_0228.tif,,Campus forest,http://id.loc.gov/authorities/names/n79056359,,1962-1968,1962; 1963; 1964; 1965; 1966; 1967; 1968,http://id.loc.gov/authorities/subjects/sh85137241; http://id.loc.gov/authorities/subjects/sh85101229; Campus grounds,,,http://purl.org/dc/dcmitype/Image,http://vocab.getty.edu/aat/300128695,10 1/2 x 13 1/2 in,"This image is duplicated in ms0002_pho_0235, ms0002_pho_0249, ms0002_pho_0261, ms0002_pho_0266, and ms0002_pho_0437.",,,,,,,Box 4,ms0002_pho_0228
work,row:2,ms0002_pho_0462.tif,,ms0002_pho_0462.tif,,"Campus main entrance, UCSC sign, with the Barn Theater in the background",http://id.loc.gov/authorities/names/n79056359,,1966-1968,1966; 1967; 1968,Campus grounds,,,http://purl.org/dc/dcmitype/Image,http://vocab.getty.edu/aat/300128695,15 1/4 x 16 1/4 in,,,,,,,,Box 5,ms0002_pho_0462
work,row:2,ms0002_pho_0038.tif,,ms0002_pho_0038.tif,,Campus meadow and forest,http://id.loc.gov/authorities/names/n79056359,Polaroid (TM) transfer print.,1962-1968,1962; 1963; 1964; 1965; 1966; 1967; 1968,http://id.loc.gov/authorities/subjects/sh85082676; http://id.loc.gov/authorities/subjects/sh85137241; http://id.loc.gov/authorities/subjects/sh85101229; Campus grounds,,,http://purl.org/dc/dcmitype/Image,http://vocab.getty.edu/aat/300134877,3 1/2 x 4 1/4 in,,,,,,,,Box 1,ms0002_pho_0038
work,row:2,ms0002_pho_0191.tif,,ms0002_pho_0191.tif,,Campus meadow and forest,http://id.loc.gov/authorities/names/n79056359,,1962-1968,1962; 1963; 1964; 1965; 1966; 1967; 1968,http://id.loc.gov/authorities/subjects/sh85082676; http://id.loc.gov/authorities/subjects/sh85101229; Campus grounds,,,http://purl.org/dc/dcmitype/Image,http://vocab.getty.edu/aat/300128695,10 x 13 1/2 in,"This image is duplicated in ms0002_pho_0013, ms0002_pho_0222, ms0002_pho_0332,ms0002_pho_0357, and ms0002_pho_0474.",,,,,,,Box 3,ms0002_pho_0191
work,row:2,ms0002_pho_0171.tif,,ms0002_pho_0171.tif,,Campus meadow and quarry,http://id.loc.gov/authorities/names/n79056359,,1962-1968,1962; 1963; 1964; 1965; 1966; 1967; 1968,http://id.loc.gov/authorities/subjects/sh85082676; http://id.loc.gov/authorities/subjects/sh85137241; http://id.loc.gov/authorities/subjects/sh85101229; Campus grounds,,,http://purl.org/dc/dcmitype/Image,http://vocab.getty.edu/aat/300128695,10 x 11 in,"This image is duplicated in ms0002_pho_0007, ms0002_pho_0180, ms0002_pho_0181, ms0002_pho_0186, ms0002_pho_0194, ms0002_pho_0197, ms0002_pho_0198, ms0002_pho_0211, ms0002_pho_0236, ms0002_pho_0260, ms0002_pho_0264, ms0002_pho_0277, ms0002_pho_0322, ms0002_pho_0333, ms0002_pho_0346, ms0002_pho_0359, ms0002_pho_0434, and ms0002_pho_0471. UCR CMP #1987.0027.6.UCSC.F.1",,,,,,,Box 3,ms0002_pho_0171
work,row:2,ms0002_pho_0309.tif,,ms0002_pho_0309.tif,,Campus meadow and trees,http://id.loc.gov/authorities/names/n79056359,,1962-1968,1962; 1963; 1964; 1965; 1966; 1967; 1968,http://id.loc.gov/authorities/subjects/sh85082676; http://id.loc.gov/authorities/subjects/sh85137241; http://id.loc.gov/authorities/subjects/sh85101229; Campus grounds,,,http://purl.org/dc/dcmitype/Image,http://vocab.getty.edu/aat/300128695,10 1/2 x 10 1/4 in,6-103-98-7\; Gate 8,,,,,,,Box 6,ms0002_pho_0309
work,row:2,ms0002_pho_0196.tif,,ms0002_pho_0196.tif,,Campus meadow and trees,http://id.loc.gov/authorities/names/n79056359,,1962-1968,1962; 1963; 1964; 1965; 1966; 1967; 1968,http://id.loc.gov/authorities/subjects/sh85082676; http://id.loc.gov/authorities/subjects/sh85137241; http://id.loc.gov/authorities/subjects/sh85101229; Campus grounds,,,http://purl.org/dc/dcmitype/Image,http://vocab.getty.edu/aat/300128695,10 x 13 1/4,,,,,,,,Box 3,ms0002_pho_0196
work,row:2,ms0002_pho_0245.tif,,ms0002_pho_0245.tif,,Campus meadow and trees,http://id.loc.gov/authorities/names/n79056359,,1962-1968,1962; 1963; 1964; 1965; 1966; 1967; 1968,http://id.loc.gov/authorities/subjects/sh85082676; http://id.loc.gov/authorities/subjects/sh85137241; http://id.loc.gov/authorities/subjects/sh85101229; Campus grounds,,,http://purl.org/dc/dcmitype/Image,http://vocab.getty.edu/aat/300128695,10 1/2 x 13 3/4 in,"This image is duplicated in ms0002_pho_0275, ms0002_pho_0297, ms0002_pho_0306, and ms0002_pho_0467. UCR CMP #1987.0027.4.UCSC.38",,,,,,,Box 4,ms0002_pho_0245
work,row:2,ms0002_pho_0238.tif,,ms0002_pho_0238.tif,,Campus meadow and trees,http://id.loc.gov/authorities/names/n79056359,,1962-1968,1962; 1963; 1964; 1965; 1966; 1967; 1968,http://id.loc.gov/authorities/subjects/sh85082676; http://id.loc.gov/authorities/subjects/sh85137241; http://id.loc.gov/authorities/subjects/sh85101229; Campus grounds,,,http://purl.org/dc/dcmitype/Image,http://vocab.getty.edu/aat/300128695,10 1/2 x 13 1/2 in,This image is duplicated in ms0002_pho_0435.,,,,,,,Box 4,ms0002_pho_0238
work,row:2,ms0002_pho_0300.tif,,ms0002_pho_0300.tif,,Campus meadow and trees,http://id.loc.gov/authorities/names/n79056359,,1962-1968,1962; 1963; 1964; 1965; 1966; 1967; 1968,http://id.loc.gov/authorities/subjects/sh85137241; http://id.loc.gov/authorities/subjects/sh85101229; Campus grounds,,,http://purl.org/dc/dcmitype/Image,http://vocab.getty.edu/aat/300128695,10 x 11 1/2 in,UCR CMP #1987.0027.4.UCSC.56,,,,,,,Box 6,ms0002_pho_0300
work,row:2,ms0002_pho_0324.tif,,ms0002_pho_0324.tif,,Campus meadow and trees,http://id.loc.gov/authorities/names/n79056359,,1962-1968,1962; 1963; 1964; 1965; 1966; 1967; 1968,http://id.loc.gov/authorities/subjects/sh85137241; http://id.loc.gov/authorities/subjects/sh85101229; Campus grounds,,,http://purl.org/dc/dcmitype/Image,http://vocab.getty.edu/aat/300128695,10 1/2 x 10 1/4 in,6-103-98-4\; Gate 8,,,,,,,Box 6,ms0002_pho_0324
work,row:2,ms0002_pho_0326.tif,,ms0002_pho_0326.tif,,Campus meadow and trees,http://id.loc.gov/authorities/names/n79056359,,1962-1968,1962; 1963; 1964; 1965; 1966; 1967; 1968,http://id.loc.gov/authorities/subjects/sh85137241; http://id.loc.gov/authorities/subjects/sh85101229; Campus grounds,,,http://purl.org/dc/dcmitype/Image,http://vocab.getty.edu/aat/300128695,10 1/2 x 9 3/4 in,6-104-5-11\; Gate 7,,,,,,,Box 6,ms0002_pho_0326
work,row:2,ms0002_pho_0086.tif,,ms0002_pho_0086.tif,,Campus meadow and wooden fence,http://id.loc.gov/authorities/names/n79056359,,1962-1968,1962; 1963; 1964; 1965; 1966; 1967; 1968,http://id.loc.gov/authorities/subjects/sh85101229; Campus grounds,,http://www.geonames.org/11903520/cowell-ranch-historical.html,http://purl.org/dc/dcmitype/Image,http://vocab.getty.edu/aat/300128695,7 x 7 1/4 in,"Note on verso: """"6-UCSC-16-7."""" This image is duplicated in ms0002_pho_0032, ms0002_pho_0087, ms0002_pho_0103, ms0002_pho_0343, ms0002_pho_0372, and ms0002_pho_0470.",,,,,,,Box 1,ms0002_pho_0086
work,row:2,ms0002_pho_0477.tif,,ms0002_pho_0477.tif,,Campus meadow and wooden fence,http://id.loc.gov/authorities/names/n79056359,,1962-1968,1962; 1963; 1964; 1965; 1966; 1967; 1968,http://id.loc.gov/authorities/subjects/sh85101229; Campus grounds,,,http://purl.org/dc/dcmitype/Image,http://vocab.getty.edu/aat/300128695,19 x 15 3/4 in,This image is duplicated in ms0002_pho_0040 and ms0002_pho_0160.,,,,,,,Box 6,ms0002_pho_0477
work,row:2,ms0002_pho_0065.tif,,ms0002_pho_0065.tif,,Campus meadow with fence and the city of Santa Cruz in the distance,http://id.loc.gov/authorities/names/n79056359,,1962-1968,1962; 1963; 1964; 1965; 1966; 1967; 1968,http://id.loc.gov/authorities/subjects/sh85101229; Campus grounds,,,http://purl.org/dc/dcmitype/Image,http://vocab.getty.edu/aat/300128695,7 1/4 x 7 1/4 in,"This image is duplicated in ms0002_pho_0023, ms0002_pho_0035, ms0002_pho_0066, ms0002_pho_0156, ms0002_pho_0341, ms0002_pho_0353, ms0002_pho_0360, and ms0002_pho_0387. UCRCMP #1987.0027.6.UCSC.7.10",,,,,,,Box 1,ms0002_pho_0065
work,row:2,ms0002_pho_0299.tif,,ms0002_pho_0299.tif,,Campus meadow with oak trees,http://id.loc.gov/authorities/names/n79056359,,1962-1968,1962; 1963; 1964; 1965; 1966; 1967; 1968,http://id.loc.gov/authorities/subjects/sh85137241; http://id.loc.gov/authorities/subjects/sh85101229; Campus grounds,,,http://purl.org/dc/dcmitype/Image,http://vocab.getty.edu/aat/300128695,14 x 16 3/4 in,This image is duplicated in ms0002_pho_0011 and ms0002_pho_0355.,,,,,,,Box 6,ms0002_pho_0299
work,row:2,ms0002_pho_0165.tif,,ms0002_pho_0165.tif,,Campus meadow with redwood trees and Monterey Bay,http://id.loc.gov/authorities/names/n79056359,,1962-1968,1962; 1963; 1964; 1965; 1966; 1967; 1968,http://id.loc.gov/authorities/subjects/sh85137241; http://id.loc.gov/authorities/subjects/sh85101229; Campus grounds,,,http://purl.org/dc/dcmitype/Image,http://vocab.getty.edu/aat/300128695,9 1/2 x 12 3/4 in,"This image is duplicated in ms0002_pho_0006, ms0002_pho_0154, ms0002_pho_0170, ms0002_pho_0298, ms0002_pho_0315, ms0002_pho_0416, and ms0002_pho_0464. UCR CMP# 1987.0027.6.UCSC.9.11",,,,,,,Box 3,ms0002_pho_0165
work,row:2,ms0002_pho_0330.tif,,ms0002_pho_0330.tif,,Campus meadow with redwood trees and road,http://id.loc.gov/authorities/names/n79056359,,1962-1968,1962; 1963; 1964; 1965; 1966; 1967; 1968,http://id.loc.gov/authorities/subjects/sh85137241; http://id.loc.gov/authorities/subjects/sh85101229; Campus grounds,,,http://purl.org/dc/dcmitype/Image,http://vocab.getty.edu/aat/300128695,15 1/2 x 18 1/4 in,"Note on verso: """"6-103-100-3\; Gate 9"""" This image is duplicated in ms0002_pho_0016, ms0002_pho_0338, ms0002_pho_0349, and ms0002_pho_0475.",,,,,,,Box 6,ms0002_pho_0330
work,row:2,ms0002_pho_0308.tif,,ms0002_pho_0308.tif,,Campus meadow with redwood trees,http://id.loc.gov/authorities/names/n79056359,,1962-1968,1962; 1963; 1964; 1965; 1966; 1967; 1968,http://id.loc.gov/authorities/subjects/sh85137241; http://id.loc.gov/authorities/subjects/sh85101229; Campus grounds,,,http://purl.org/dc/dcmitype/Image,http://vocab.getty.edu/aat/300128695,15 x 19 1/4 in,This image is duplicated in ms0002_pho_0015 and ms0002_pho_0368.,,,,,,,Box 6,ms0002_pho_0308
work,row:2,ms0002_pho_0340.tif,,ms0002_pho_0340.tif,,Campus meadow with redwood trees,http://id.loc.gov/authorities/names/n79056359,,1962-1968,1962; 1963; 1964; 1965; 1966; 1967; 1968,http://id.loc.gov/authorities/subjects/sh85137241; http://id.loc.gov/authorities/subjects/sh85101229; Campus grounds,,,http://purl.org/dc/dcmitype/Image,http://vocab.getty.edu/aat/300128695,15 3/4 x 17 in,"This image is duplicated in ms0002_pho_0010, and ms0002_pho_0366.",,,,,,,Box 6,ms0002_pho_0340
work,row:2,ms0002_pho_0248.tif,,ms0002_pho_0248.tif,,Campus meadow with redwood trees and fences,http://id.loc.gov/authorities/names/n79056359,,1962-1968,1962; 1963; 1964; 1965; 1966; 1967; 1968,http://id.loc.gov/authorities/subjects/sh85137241; http://id.loc.gov/authorities/subjects/sh85101229; Campus grounds,,,http://purl.org/dc/dcmitype/Image,http://vocab.getty.edu/aat/300128695,10 1/2 x 11 3/4 in,"This image is duplicated in ms0002_pho_0005, ms0002_pho_0257, ms0002_pho_0312, ms0002_pho_0358, and ms0002_pho_0457. UCR CMP #1987.0027.6.UCSC.10.11",,,,,,,Box 4,ms0002_pho_0248
work,row:2,ms0002_pho_0067.tif,,ms0002_pho_0067.tif,,Campus meadow with rocks,http://id.loc.gov/authorities/names/n79056359,,1962-1968,1962; 1963; 1964; 1965; 1966; 1967; 1968,http://id.loc.gov/authorities/subjects/sh85101229; Campus grounds,,,http://purl.org/dc/dcmitype/Image,http://vocab.getty.edu/aat/300128695,7 1/4 x 7 1/4,"Note on verso: """"6-UCSC-16-12."""" This image is duplicated in ms0002_pho_0024, ms0002_pho_0084, ms0002_pho_0296, ms0002_pho_0310, ms0002_pho_0348, and ms0002_pho_0390. UCR CMP #1987.0027.6.UCSC.16.9",,,,,,,Box 1,ms0002_pho_0067
work,row:2,ms0002_pho_0100.tif,,ms0002_pho_0100.tif,,Campus meadow with rocks,http://id.loc.gov/authorities/names/n79056359,,1962-1968,1962; 1963; 1964; 1965; 1966; 1967; 1968,http://id.loc.gov/authorities/subjects/sh85101229; Campus grounds,,,http://purl.org/dc/dcmitype/Image,http://vocab.getty.edu/aat/300128695,9 x 7 1/8 in,"Note on verso: """"6-UCSC-16-10"""". This image is duplicated in ms0002_pho_0101, ms0002_pho_0102 and ms0002_pho_0391.",,,,,,,Box 1,ms0002_pho_0100
work,row:2,ms0002_pho_0285.tif,,ms0002_pho_0285.tif,,Campus meadow with trees and road,http://id.loc.gov/authorities/names/n79056359,,1962-1968,1962; 1963; 1964; 1965; 1966; 1967; 1968,http://id.loc.gov/authorities/subjects/sh85137241; http://id.loc.gov/authorities/subjects/sh85101229; Campus grounds,,,http://purl.org/dc/dcmitype/Image,http://vocab.getty.edu/aat/300128695,10 3/4 x 11 1/2 in,"Note: """"Neg # 127 non Santa Cruz."""" This image is duplicated in ms0002_pho_0008, ms0002_pho_0287, ms0002_pho_0288, ms0002_pho_0329, ms0002_pho_0376, and ms0002_pho_0466.",,,,,,,Box 4,ms0002_pho_0285
work,row:2,ms0002_pho_0331.tif,,ms0002_pho_0331.tif,,Campus meadow with trees and road,http://id.loc.gov/authorities/names/n79056359,,1962-1968,1962; 1963; 1964; 1965; 1966; 1967; 1968,http://id.loc.gov/authorities/subjects/sh85101229; Campus grounds,,,http://purl.org/dc/dcmitype/Image,http://vocab.getty.edu/aat/300128695,15 1/2 x 18 1/4 in,"Note on verso: """"6-103-97-5\; Gate 2."""" This image is duplicated in ms0002_pho_0019, ms0002_pho_0335, and ms0002_pho_0369.",,,,,,,Box 6,ms0002_pho_0331
work,row:2,ms0002_pho_0098.tif,,ms0002_pho_0098.tif,,Campus meadow with trees and road,http://id.loc.gov/authorities/names/n79056359,,1962-1968,1962; 1963; 1964; 1965; 1966; 1967; 1968,http://id.loc.gov/authorities/subjects/sh85137241; http://id.loc.gov/authorities/subjects/sh85101229; Campus grounds,,,http://purl.org/dc/dcmitype/Image,http://vocab.getty.edu/aat/300128695,7 1/4 x 7 1/4 in,"Note on verso: """"6-UCSC-16-12."""" This image is duplicated in ms0002_pho_0031, ms0002_pho_099, ms0002_pho_0311, ms0002_pho_0350, and ms0002_pho_0392.",,,,,,,Box 1,ms0002_pho_0098
work,row:2,ms0002_pho_0138.tif,,ms0002_pho_0138.tif,,Campus meadow with wooden fence,http://id.loc.gov/authorities/names/n79056359,,1962-1968,1962; 1963; 1964; 1965; 1966; 1967; 1968,http://id.loc.gov/authorities/subjects/sh85082676; http://id.loc.gov/authorities/subjects/sh85101229; Campus grounds,,,http://purl.org/dc/dcmitype/Image,http://vocab.getty.edu/aat/300128695,7 1/2 x 8 1/4 in,"This image is duplicated in ms0002_pho_0028, ms0002_pho_0157, ms0002_pho_0250, ms0002_pho_0320, ms0002_pho_0327, ms0002_pho_0375, and ms0002_pho_0406.",,,,,,,Box 1,ms0002_pho_0138
work,row:2,ms0002_pho_0083.tif,,ms0002_pho_0083.tif,,Campus meadow with wooden fence,http://id.loc.gov/authorities/names/n79056359,,1962-1968,1962; 1963; 1964; 1965; 1966; 1967; 1968,http://id.loc.gov/authorities/subjects/sh85101229; Campus grounds,,http://www.geonames.org/11903520/cowell-ranch-historical.html,http://purl.org/dc/dcmitype/Image,http://vocab.getty.edu/aat/300128695,7 x 7 1/4 in,"Note on verso: """"6-UCSC-16-4."""" This image is duplicated in ms0002_pho_0030, ms0002_pho_0090, ms0002_pho_0091, ms0002_pho_0104, and ms0002_pho_0328.",,,,,,,Box 1,ms0002_pho_0083
work,row:2,ms0002_pho_0284.tif,,ms0002_pho_0284.tif,,Campus meadow with wooden fence,http://id.loc.gov/authorities/names/n79056359,,1962-1968,1962; 1963; 1964; 1965; 1966; 1967; 1968,http://id.loc.gov/authorities/subjects/sh85101229; Campus grounds,,http://www.geonames.org/11903520/cowell-ranch-historical.html,http://purl.org/dc/dcmitype/Image,http://vocab.getty.edu/aat/300128695,10 1/2 x 11 in,"This image is duplicated in ms0002_pho_0014, ms0002_pho_0371, and ms0002_pho_0463. UCR CMP #1987.0027.6.UCSC.5.4",,,,,,,Box 4,ms0002_pho_0284
work,row:2,ms0002_pho_0219.tif,,ms0002_pho_0219.tif,,Campus meadow,http://id.loc.gov/authorities/names/n79056359,,1962-1968,1962; 1963; 1964; 1965; 1966; 1967; 1968,http://id.loc.gov/authorities/subjects/sh85137241; http://id.loc.gov/authorities/subjects/sh85101229; Campus grounds,,,http://purl.org/dc/dcmitype/Image,http://vocab.getty.edu/aat/300128695,10 1/2 x 11 in,"This image is duplicated in ms0002_pho_0002, ms0002_pho_0241, ms0002_pho_0255, ms0002_pho_0334, and ms0002_pho_0427. UCR CMP #1987.0027.6.UCSC.2.12",,,,,,,Box 3,ms0002_pho_0219
work,row:2,ms0002_pho_0037.tif,,ms0002_pho_0037.tif,,Campus meadow,http://id.loc.gov/authorities/names/n79056359,Polaroid (TM) transfer print.,1962-1968,1962; 1963; 1964; 1965; 1966; 1967; 1968,http://id.loc.gov/authorities/subjects/sh85082676; http://id.loc.gov/authorities/subjects/sh85101229; Campus grounds,,,http://purl.org/dc/dcmitype/Image,http://vocab.getty.edu/aat/300134877,3 1/2 x 4 1/4 in,,,,,,,,Box 1,ms0002_pho_0037
work,row:2,ms0002_pho_0093.tif,,ms0002_pho_0093.tif,,Campus meadow,http://id.loc.gov/authorities/names/n79056359,,1962-1968,1962; 1963; 1964; 1965; 1966; 1967; 1968,http://id.loc.gov/authorities/subjects/sh85137241; http://id.loc.gov/authorities/subjects/sh85101229; Campus grounds,,,http://purl.org/dc/dcmitype/Image,http://vocab.getty.edu/aat/300128695,8 x 10 in,"Note on verso: """"6-UCSC-14-5."""" This image is duplicated in ms0002_pho_0388. UCR CMP #1987.0027.6.UCSC.14.9",,,,,,,Box 1,ms0002_pho_0093
work,row:2,ms0002_pho_0092.tif,,ms0002_pho_0092.tif,,Campus meadow,http://id.loc.gov/authorities/names/n79056359,,1962-1968,1962; 1963; 1964; 1965; 1966; 1967; 1968,http://id.loc.gov/authorities/subjects/sh85137241; http://id.loc.gov/authorities/subjects/sh85101229; Campus grounds,,,http://purl.org/dc/dcmitype/Image,http://vocab.getty.edu/aat/300128695,9 x 7 in,"Note on verso: """"6-UCSC-15-4"""". This image is duplicated in ms0002_pho_0314. UCR CMP #1987.0027.6.UCSC.15.2",,,,,,,Box 1,ms0002_pho_0092
work,row:2,ms0002_pho_0301.tif,,ms0002_pho_0301.tif,,"Campus meadow, with cowboys and cattle",http://id.loc.gov/authorities/names/n79056359,,1962-1968,1962; 1963; 1964; 1965; 1966; 1967; 1968,http://id.loc.gov/authorities/subjects/sh85021286; http://id.loc.gov/authorities/subjects/sh85137241; http://id.loc.gov/authorities/subjects/sh85101229; Campus grounds,,,http://purl.org/dc/dcmitype/Image,http://vocab.getty.edu/aat/300128695,10 1/2 x 10 1/2 in,,,,,,,,Box 6,ms0002_pho_0301
work,row:2,ms0002_pho_0056.tif,,ms0002_pho_0056.tif,,Cardiff House porch,http://id.loc.gov/authorities/names/n79056359,,1962-1968,1962; 1963; 1964; 1965; 1966; 1967; 1968,,,,http://purl.org/dc/dcmitype/Image,http://vocab.getty.edu/aat/300192703,4 x 6 in,"This image is duplicated in ms0002_pho_0378, ms0002_pho_0172, ms0002_pho_0185, and ms0002_pho_0438. UCRCMP #1987.0027.4.UCSC.25",,,,,,,Box 1,ms0002_pho_0056
work,row:2,ms0002_pho_0141.tif,,ms0002_pho_0141.tif,,Cedar tree,http://id.loc.gov/authorities/names/n79056359,,1962-1968,1962; 1963; 1964; 1965; 1966; 1967; 1968,http://id.loc.gov/authorities/subjects/sh85137241; http://id.loc.gov/authorities/subjects/sh85101229; Campus grounds,,,http://purl.org/dc/dcmitype/Image,http://vocab.getty.edu/aat/300128695,8 x 10 in,UCRCMP #1987.0027.4.UCSC.21,,,,,,,Box 1,ms0002_pho_0141
work,row:2,ms0002_pho_0283.tif,,ms0002_pho_0283.tif,,Cedar tree,http://id.loc.gov/authorities/names/n79056359,,1962-1968,1962; 1963; 1964; 1965; 1966; 1967; 1968,http://id.loc.gov/authorities/subjects/sh85137241; http://id.loc.gov/authorities/subjects/sh85101229; Campus grounds,,,http://purl.org/dc/dcmitype/Image,http://vocab.getty.edu/aat/300128695,10 3/4 x 12 1/2,"Note on verso: """"4-UCSC-23"""". UCRCMP #1987.0027.4.UCSC.23",,,,,,,Box 4,ms0002_pho_0283
work,row:2,ms0002_pho_0304.tif,,ms0002_pho_0304.tif,,Cowell College dorm,http://id.loc.gov/authorities/names/n79056359,,1966-1968,1966; 1967; 1968,,http://id.loc.gov/authorities/names/nr91016671,,http://purl.org/dc/dcmitype/Image,http://vocab.getty.edu/aat/300128695,13 1/2 x 10 1/2 in,UCR CMP #1987.0027.4.UCSC.58,,,,,,,Box 6,ms0002_pho_0304
work,row:2,ms0002_pho_0234.tif,,ms0002_pho_0234.tif,,Cowell College fountain,http://id.loc.gov/authorities/names/n79056359,,1966-1968,1966; 1967; 1968,http://id.loc.gov/authorities/subjects/sh85051067; http://id.loc.gov/authorities/subjects/sh85119004,http://id.loc.gov/authorities/names/nr91016671,,http://purl.org/dc/dcmitype/Image,http://vocab.getty.edu/aat/300128695,10 1/2 x 13 in,,,,,,,,Box 4,ms0002_pho_0234
work,row:2,ms0002_pho_0057.tif,,ms0002_pho_0057.tif,,Cowell College fountain,http://id.loc.gov/authorities/names/n79056359,,1966-1968,1966; 1967; 1968,http://id.loc.gov/authorities/subjects/sh85051067,http://id.loc.gov/authorities/names/nr91016671,,http://purl.org/dc/dcmitype/Image,http://vocab.getty.edu/aat/300128695,6 1/2 x 6 1/2,"This image is duplicated in ms0002_pho_0120, ms0002_pho_0121, ms0002_pho_0167, ms0002_pho_0173, ms0002_pho_0176, ms0002_pho_0177, ms0002_pho_0178, ms0002_pho_0395, ms0002_pho_0417. UCR CMP #1987.0027.6.UCSC.28.2",,,,,,,Box 1,ms0002_pho_0057
work,row:2,ms0002_pho_0282.tif,,ms0002_pho_0282.tif,,Cowell College mobile home housing with construction debris,http://id.loc.gov/authorities/names/n79056359,,1965-1966,1965; 1966,Construction views,,http://www.geonames.org/11903436/camper-park.html,http://purl.org/dc/dcmitype/Image,http://vocab.getty.edu/aat/300128695,10 3/4 x 12 1/4 in,"Note on verso: """"Neg 6301."""" This image is duplicated in ms0002_pho_0003, ms0002_pho_0342, ms0002_pho_0365, ms0002_pho_0455, ms0002_pho_0456, and ms0002_pho_0468.",,,,,,,Box 4,ms0002_pho_0282
work,row:2,ms0002_pho_0192.tif,,ms0002_pho_0192.tif,,Cowell Ranch barn and wooden fence,http://id.loc.gov/authorities/names/n79056359,,1962-1968,1962; 1963; 1964; 1965; 1966; 1967; 1968,http://id.loc.gov/authorities/subjects/sh85011902,,http://www.geonames.org/11903520/cowell-ranch-historical.html,http://purl.org/dc/dcmitype/Image,http://vocab.getty.edu/aat/300128695,10 x 13 in,This image is duplicated in ms0002_pho_0226. UCR CMP #1987.0027.4.UCSC.6,,,,,,,Box 3,ms0002_pho_0192
work,row:2,ms0002_pho_0229.tif,,ms0002_pho_0229.tif,,Cowell Ranch barn building and cooperage,http://id.loc.gov/authorities/names/n79056359,,1962-1968,1962; 1963; 1964; 1965; 1966; 1967; 1968,,,http://www.geonames.org/11903520/cowell-ranch-historical.html,http://purl.org/dc/dcmitype/Image,http://vocab.getty.edu/aat/300128695,10 1/2 x 13 1/2 in,"Note on verso: """"4-UCSC-14"""". This image is duplicated in ms0002_pho_0443. UCRCMP #1987.0027.4.UCSC.19",,,,,,,Box 4,ms0002_pho_0229
work,row:2,ms0002_pho_0201.tif,,ms0002_pho_0201.tif,,Cowell Ranch barn building and cooperage,http://id.loc.gov/authorities/names/n79056359,,1962-1968,1962; 1963; 1964; 1965; 1966; 1967; 1968,,,http://www.geonames.org/11903520/cowell-ranch-historical.html,http://purl.org/dc/dcmitype/Image,http://vocab.getty.edu/aat/300128695,10 x 12 3/4 in,"Note on verso: """"4-UCSC-18"""". This image is duplicated in ms0002_pho_0210 and ms0002_pho_0442. UCRCMP #1987.0027.4.UCSC.18",,,,,,,Box 3,ms0002_pho_0201
work,row:2,ms0002_pho_0206.tif,,ms0002_pho_0206.tif,,"Cowell Ranch barn building, cooperage and lime kiln ruins",http://id.loc.gov/authorities/names/n79056359,,1962-1968,1962; 1963; 1964; 1965; 1966; 1967; 1968,,,http://www.geonames.org/11903520/cowell-ranch-historical.html,http://purl.org/dc/dcmitype/Image,http://vocab.getty.edu/aat/300128695,10 x 12 in,"Note on verso: """"4-UCSC-32"""". This image is duplicated in ms0002_pho_0209 and ms0002_pho_0441. UCR CMP #1987.0027.4.UCSC.32",,,,,,,Box 3,ms0002_pho_0206
work,row:2,ms0002_pho_0145.tif,,ms0002_pho_0145.tif,,Cowell Ranch barn with watering trough,http://id.loc.gov/authorities/names/n79056359,,1962-1968,1962; 1963; 1964; 1965; 1966; 1967; 1968,,,http://www.geonames.org/11903520/cowell-ranch-historical.html,http://purl.org/dc/dcmitype/Image,http://vocab.getty.edu/aat/300128695,6 1/4 x 9 in,This image is duplicated in ms0002_pho_0413 and ms0002_pho_0247. UCRCMP #1987.0027.4.UCSC.24,,,,,,,Box 1,ms0002_pho_0145
work,row:2,ms0002_pho_0182.tif,,ms0002_pho_0182.tif,,Cowell Ranch barn,http://id.loc.gov/authorities/names/n79056359,,1962-1968,1962; 1963; 1964; 1965; 1966; 1967; 1968,,,http://www.geonames.org/11903520/cowell-ranch-historical.html,http://purl.org/dc/dcmitype/Image,http://vocab.getty.edu/aat/300128695,10 x 11 1/4  in,"This image is duplicated in ms0002_pho_0151, ms0002_pho_0152, ms0002_pho_0153, ms0002_pho_0269, and ms0002_pho_0418.",,,,,,,Box 3,ms0002_pho_0182
work,row:2,ms0002_pho_0166.tif,,ms0002_pho_0166.tif,,Cowell Ranch barn,http://id.loc.gov/authorities/names/n79056359,,1962-1968,1962; 1963; 1964; 1965; 1966; 1967; 1968,,,http://www.geonames.org/11903520/cowell-ranch-historical.html,http://purl.org/dc/dcmitype/Image,http://vocab.getty.edu/aat/300128695,9 1/4 x 7 in,This image is duplicated in ms0002_pho_0246 and ms0002_pho_0431. UCR CMP #1987.0027.4.UCSC.3,,,,,,,Box 3,ms0002_pho_0166
work,row:2,ms0002_pho_0094.tif,,ms0002_pho_0094.tif,,Cowell Ranch barn,http://id.loc.gov/authorities/names/n79056359,,1962-1968,1962; 1963; 1964; 1965; 1966; 1967; 1968,http://id.loc.gov/authorities/subjects/sh85011902,,http://www.geonames.org/11903520/cowell-ranch-historical.html,http://purl.org/dc/dcmitype/Image,http://vocab.getty.edu/aat/300128695,7 1/4 x 7 1/4 in,"Note on verso: """"6-UCSC-15-8."""" This image is duplicated in ms0002_pho_0012 and ms0002_pho_0370.",,,,,,,Box 1,ms0002_pho_0094
work,row:2,ms0002_pho_0223.tif,,ms0002_pho_0223.tif,,Cowell Ranch barn,http://id.loc.gov/authorities/names/n79056359,,1962-1968,1962; 1963; 1964; 1965; 1966; 1967; 1968,http://id.loc.gov/authorities/subjects/sh85011903,,http://www.geonames.org/11903520/cowell-ranch-historical.html,http://purl.org/dc/dcmitype/Image,http://vocab.getty.edu/aat/300128695,10 1/2 x 10 1/2 in,"Note on verso: """"4-UCSC-10"""". UCRCMP #1987.0027.4.UCSC.10",,,,,,,Box 4,ms0002_pho_0223
work,row:2,ms0002_pho_0114.tif,,ms0002_pho_0114.tif,,"Cowell Ranch barn, detail view of gutters",http://id.loc.gov/authorities/names/n79056359,,1965-09,1965-09,http://id.loc.gov/authorities/subjects/sh85011904,,http://www.geonames.org/11903520/cowell-ranch-historical.html,http://purl.org/dc/dcmitype/Image,http://vocab.getty.edu/aat/300128695,7 1/4 x 7 3/8 in,"Note on verso: """"6-UCSC-18-2"""". This image is duplicated in ms0002_pho_0126, ms0002_pho_0136, and ms0002_pho_0398.",,,,,,,Box 1,ms0002_pho_0114
work,row:2,ms0002_pho_0110.tif,,ms0002_pho_0110.tif,,"Cowell Ranch barn, detail view of gutters",http://id.loc.gov/authorities/names/n79056359,,1962-1968,1962; 1963; 1964; 1965; 1966; 1967; 1968,http://id.loc.gov/authorities/subjects/sh85011905,,http://www.geonames.org/11903520/cowell-ranch-historical.html,http://purl.org/dc/dcmitype/Image,http://vocab.getty.edu/aat/300128695,9 3/4 x 7 1/2 in,"Note on verso: """"Fine Print Set(?)\; 6-UCSC-18-11"""". This image is duplicated in ms0002_pho_0393. UCR CMP #1987.0027.6.UCSC.18.1",,,,,,,Box 1,ms0002_pho_0110
work,row:2,ms0002_pho_0081.tif,,ms0002_pho_0081.tif,,"Cowell Ranch barn, detail view",http://id.loc.gov/authorities/names/n79056359,,1962-1968,1962; 1963; 1964; 1965; 1966; 1967; 1968,http://id.loc.gov/authorities/subjects/sh85011906,,http://www.geonames.org/11903520/cowell-ranch-historical.html,http://purl.org/dc/dcmitype/Image,http://vocab.getty.edu/aat/300128695,7 1/4 x 9 in,"Note on verso: """"4 - UCSC - 26"""". This image is duplicated in ms0002_pho_0082, ms0002_pho_0207, and ms0002_pho_0381. UCRCMP # 1987.0027.4.UCSC.26",,,,,,,Box 1,ms0002_pho_0081
work,row:2,ms0002_pho_0252.tif,,ms0002_pho_0252.tif,,Cowell Ranch building (abandoned),http://id.loc.gov/authorities/names/n79056359,,1962-1968,1962; 1963; 1964; 1965; 1966; 1967; 1968,,,http://www.geonames.org/11903520/cowell-ranch-historical.html,http://purl.org/dc/dcmitype/Image,http://vocab.getty.edu/aat/300128695,10 1/2 x 13 1/2 in,,,,,,,,Box 4,ms0002_pho_0252
work,row:2,ms0002_pho_0169.tif,,ms0002_pho_0169.tif,,Cowell Ranch building door,http://id.loc.gov/authorities/names/n79056359,,1962-1968,1962; 1963; 1964; 1965; 1966; 1967; 1968,,,http://www.geonames.org/11903520/cowell-ranch-historical.html,http://purl.org/dc/dcmitype/Image,http://vocab.getty.edu/aat/300128695,9 1/4 x 7 in,"Note on verso: """"4-UCSC-13"""". This image is duplicated in ms0002_pho_0179 and ms0002_pho_0446. UCRCMP #1987.0027.4.UCSC.13",,,,,,,Box 3,ms0002_pho_0169
work,row:2,ms0002_pho_0175.tif,,ms0002_pho_0175.tif,,Cowell Ranch building window,http://id.loc.gov/authorities/names/n79056359,,1962-1968,1962; 1963; 1964; 1965; 1966; 1967; 1968,,,http://www.geonames.org/11903520/cowell-ranch-historical.html,http://purl.org/dc/dcmitype/Image,http://vocab.getty.edu/aat/300128695,10 x 13 1/4,"Note on verso: """"4-UCSC"""". UCR CMP 1987.0027.4.UCSC.12",,,,,,,Box 3,ms0002_pho_0175
work,row:2,ms0002_pho_0187.tif,,ms0002_pho_0187.tif,,Cowell Ranch building window,http://id.loc.gov/authorities/names/n79056359,,1962-1968,1962; 1963; 1964; 1965; 1966; 1967; 1968,,,http://www.geonames.org/11903520/cowell-ranch-historical.html,http://purl.org/dc/dcmitype/Image,http://vocab.getty.edu/aat/300128695,10 x 11 1/4  in,UCRCMP #1987.0027.4.UCSC.11,,,,,,,Box 3,ms0002_pho_0187
work,row:2,ms0002_pho_0230.tif,,ms0002_pho_0230.tif,,Cowell Ranch buildings and lime kiln ruins,http://id.loc.gov/authorities/names/n79056359,,1962-1968,1962; 1963; 1964; 1965; 1966; 1967; 1968,,,http://www.geonames.org/11903520/cowell-ranch-historical.html,http://purl.org/dc/dcmitype/Image,http://vocab.getty.edu/aat/300128695,10 1/2 x 13 1/2 in,"Note on verso: """"4-UCSC-28"""". This image is duplicated in ms0002_pho_0432. UCR CMP #1987.0027.4.UCSC.28",,,,,,,Box 4,ms0002_pho_0230
work,row:2,ms0002_pho_0232.tif,,ms0002_pho_0232.tif,,Cowell Ranch carriage house,http://id.loc.gov/authorities/names/n79056359,,1962-1968,1962; 1963; 1964; 1965; 1966; 1967; 1968,,,http://www.geonames.org/11903520/cowell-ranch-historical.html; http://www.geonames.org/11903402/carriage-house.html,http://purl.org/dc/dcmitype/Image,http://vocab.getty.edu/aat/300128695,10 1/2 x 12 in,"Note on verso: """"4-UCSC-9. Neg #125"""". UCR CMP #1987.0027.4.UCSC.9",,,,,,,Box 4,ms0002_pho_0232
work,row:2,ms0002_pho_0146.tif,,ms0002_pho_0146.tif,,Cowell Ranch carriage house,http://id.loc.gov/authorities/names/n79056359,,1962-1968,1962; 1963; 1964; 1965; 1966; 1967; 1968,,,http://www.geonames.org/11903520/cowell-ranch-historical.html; http://www.geonames.org/11903402/carriage-house.html,http://purl.org/dc/dcmitype/Image,http://vocab.getty.edu/aat/300128695,8 x 10 in,"Note on verso: """"Neg #125 """"non Santa Cruz."""" This image is duplicated in ms0002_pho_0027, ms0002_pho_0041, ms0002_pho_0232, ms0002_pho_0361, ms0002_pho_0425, and ms0002_pho_0451. UCR CMP #1987.0027.4.UCSC.8",,,,,,,Box 1,ms0002_pho_0146
work,row:2,ms0002_pho_0253.tif,,ms0002_pho_0253.tif,,Cowell Ranch cook house,http://id.loc.gov/authorities/names/n79056359,,1962-1968,1962; 1963; 1964; 1965; 1966; 1967; 1968,,,http://www.geonames.org/11903520/cowell-ranch-historical.html; http://www.geonames.org/11903352/cook-house.html,http://purl.org/dc/dcmitype/Image,http://vocab.getty.edu/aat/300128695,10 1/2 x 13 1/2 in,This image is duplicated in ms0002_pho_0430. UCRCMP #1987.0027.4.UCSC.15,,,,,,,Box 4,ms0002_pho_0253
work,row:2,ms0002_pho_0216.tif,,ms0002_pho_0216.tif,,Cowell Ranch cook house,http://id.loc.gov/authorities/names/n79056359,,1962-1968,1962; 1963; 1964; 1965; 1966; 1967; 1968,,,http://www.geonames.org/11903520/cowell-ranch-historical.html; http://www.geonames.org/11903352/cook-house.html,http://purl.org/dc/dcmitype/Image,http://vocab.getty.edu/aat/300128695,10 1/4 x 13 in,"Note on verso: """"4-UCSC-16\; 4-CAL-398"""". This image is duplicated in ms0002_pho_0429. UCRCMP #1987.0027.4.UCSC.16",,,,,,,Box 3,ms0002_pho_0216
work,row:2,ms0002_pho_0254.tif,,ms0002_pho_0254.tif,,Cowell Ranch cooperage and ranch hand cabin,http://id.loc.gov/authorities/names/n79056359,,1962-1968,1962; 1963; 1964; 1965; 1966; 1967; 1968,,,http://www.geonames.org/11903520/cowell-ranch-historical.html,http://purl.org/dc/dcmitype/Image,http://vocab.getty.edu/aat/300128695,10 1/2 x 13 3/4 in,"Note on verso: """"Neg #124."""" This image is duplicated in ms0002_pho_0001, ms0002_pho_0268, ms0002_pho_0321, ms0002_pho_0377, ms0002_pho_0412, and ms0002_pho_0452.",,,,,,,Box 4,ms0002_pho_0254
work,row:2,ms0002_pho_0465.tif,,ms0002_pho_0465.tif,,"Cowell Ranch cooperage, detail view",http://id.loc.gov/authorities/names/n79056359,,1962-1968,1962; 1963; 1964; 1965; 1966; 1967; 1968,,,http://www.geonames.org/11903520/cowell-ranch-historical.html,http://purl.org/dc/dcmitype/Image,http://vocab.getty.edu/aat/300128695,14 3/4 x 12 in,,,,,,,,Box 6,ms0002_pho_0465
work,row:2,ms0002_pho_0183.tif,,ms0002_pho_0183.tif,,"Cowell Ranch cooperage, detail",http://id.loc.gov/authorities/names/n79056359,,1962-1968,1962; 1963; 1964; 1965; 1966; 1967; 1968,,,http://www.geonames.org/11903520/cowell-ranch-historical.html,http://purl.org/dc/dcmitype/Image,http://vocab.getty.edu/aat/300128695,10 x 13 1/2 in,"Note on verso: """"neg #122."""" This image is duplicated in ms0002_pho_0039, ms0002_pho_0158, ms0002_pho_0159, ms0002_pho_0200, ms0002_pho_0458, and ms0002_pho_0303. UCRCMP #1987.0027.4.UCSC.1",,,,,,,Box 3,ms0002_pho_0183
work,row:2,ms0002_pho_0080.tif,,ms0002_pho_0080.tif,,Cowell Ranch lime kiln ruins,http://id.loc.gov/authorities/names/n79056359,,1962-1968,1962; 1963; 1964; 1965; 1966; 1967; 1968,,,http://www.geonames.org/11903520/cowell-ranch-historical.html,http://purl.org/dc/dcmitype/Image,http://vocab.getty.edu/aat/300128695,7 1/4 x 9 in,"Note on verso: """"4 - UCSC - 29"""". This image is duplicated in ms0002_pho_0402. UCR CMP #1987.0027.4.UCSC.29",,,,,,,Box 1,ms0002_pho_0080
work,row:2,ms0002_pho_0143.tif,,ms0002_pho_0143.tif,,Cowell Ranch lime kiln ruins,http://id.loc.gov/authorities/names/n79056359,,1962-1968,1962; 1963; 1964; 1965; 1966; 1967; 1968,,,http://www.geonames.org/11903520/cowell-ranch-historical.html,http://purl.org/dc/dcmitype/Image,http://vocab.getty.edu/aat/300128695,8 x 10 in,"Note on verso: """"4-UCSC-30"""". This image is duplicated in ms0002_pho_0408. UCR CMP #1987.0027.4.UCSC.30",,,,,,,Box 1,ms0002_pho_0143
work,row:2,ms0002_pho_0144.tif,,ms0002_pho_0144.tif,,Cowell Ranch lime kiln ruins,http://id.loc.gov/authorities/names/n79056359,,1962-1968,1962; 1963; 1964; 1965; 1966; 1967; 1968,,,http://www.geonames.org/11903520/cowell-ranch-historical.html,http://purl.org/dc/dcmitype/Image,http://vocab.getty.edu/aat/300128695,7 1/4 x 9 1/4 in,"Note on verso: """"4-UCSC-31"""". UCR CMP #1987.0027.4.UCSC.31",,,,,,,Box 1,ms0002_pho_0144
work,row:2,ms0002_pho_0147.tif,,ms0002_pho_0147.tif,,Cowell Ranch quarry with redwood,http://id.loc.gov/authorities/names/n79056359,,1962-1968,1962; 1963; 1964; 1965; 1966; 1967; 1968,,,http://www.geonames.org/11903366/upper-quarry-amphitheater.html,http://purl.org/dc/dcmitype/Image,http://vocab.getty.edu/aat/300128695,8 x 10 in,"Note on verso: """"Neg #126 """"non Santa Cruz."""" This image is duplicated in ms0002_pho_0021, ms0002_pho_0033, ms0002_pho_0155, ms0002_pho_0239, ms0002_pho_0356, ms0002_pho_0362, ms0002_pho_0411, ms0002_pho_0461. UCR CMP #1987.0027.4.UCSC.33",,,,,,,Box 1,ms0002_pho_0147
work,row:2,ms0002_pho_0420.tif,,ms0002_pho_0420.tif,,Cowell Ranch quarry,http://id.loc.gov/authorities/names/n79056359,,1962-1968,1962; 1963; 1964; 1965; 1966; 1967; 1968,,,http://www.geonames.org/11903366/upper-quarry-amphitheater.html,http://purl.org/dc/dcmitype/Image,http://vocab.getty.edu/aat/300128695,15 1/4 x 19 1/4 in,UCR CMP #1987.0027.4.UCSC.351987.0027.4.UCSC.35,,,,,,,Box 5,ms0002_pho_0420
work,row:2,ms0002_pho_0188.tif,,ms0002_pho_0188.tif,,Cowell Ranch quarry,http://id.loc.gov/authorities/names/n79056359,,1962-1968,1962; 1963; 1964; 1965; 1966; 1967; 1968,,,http://www.geonames.org/11903366/upper-quarry-amphitheater.html,http://purl.org/dc/dcmitype/Image,http://vocab.getty.edu/aat/300128695,10 x 13 1/2 in,"This image is duplicated in ms0002_pho_0190, ms0002_pho_0217, ms0002_pho_0242, ms0002_pho_0243, ms0002_pho_0251, ms0002_pho_0426, and ms0002_pho_0449. UCR CMP #1987.0027.4.UCSC.36",,,,,,,Box 3,ms0002_pho_0188
work,row:2,ms0002_pho_0168.tif,,ms0002_pho_0168.tif,,Cowell Ranch quarry,http://id.loc.gov/authorities/names/n79056359,,1962-1968,1962; 1963; 1964; 1965; 1966; 1967; 1968,,,http://www.geonames.org/11903366/upper-quarry-amphitheater.html,http://purl.org/dc/dcmitype/Image,http://vocab.getty.edu/aat/300128695,7 1/2 x 9 1/2 in,"This image is duplicated in ms0002_pho_0174  ms0002_pho_0444, and ms0002_pho_0450. UCR CMP #1987.0027.4.UCSC.34",,,,,,,Box 3,ms0002_pho_0168
work,row:2,ms0002_pho_0307.tif,,ms0002_pho_0307.tif,,Cowell Ranch wooden fence,http://id.loc.gov/authorities/names/n79056359,,1962-1968,1962; 1963; 1964; 1965; 1966; 1967; 1968,,,http://www.geonames.org/11903520/cowell-ranch-historical.html,http://purl.org/dc/dcmitype/Image,http://vocab.getty.edu/aat/300128695,15 x 16 1/2 in,"This image is duplicated in ms0002_pho_0009, ms0002_pho_0374, and ms0002_pho_0428.",,,,,,,Box 6,ms0002_pho_0307
work,row:2,ms0002_pho_0389.tif,,ms0002_pho_0389.tif,,Cowell Ranch wooden fence,http://id.loc.gov/authorities/names/n79056359,,1962-1968,1962; 1963; 1964; 1965; 1966; 1967; 1968,http://id.loc.gov/authorities/subjects/sh85101229; Campus grounds,,,http://purl.org/dc/dcmitype/Image,http://vocab.getty.edu/aat/300128695,14 x 14 in,"Note on verso: """"6-UCSC-16-6"""".",,,,,,,Box 2,ms0002_pho_0389
work,row:2,ms0002_pho_0218.tif,,ms0002_pho_0218.tif,,Cypress tree with fence and Cowell Ranch barn,http://id.loc.gov/authorities/names/n79056359,,1962-1968,1962; 1963; 1964; 1965; 1966; 1967; 1968,http://id.loc.gov/authorities/subjects/sh85137241; http://id.loc.gov/authorities/subjects/sh85101229; Campus grounds,,,http://purl.org/dc/dcmitype/Image,http://vocab.getty.edu/aat/300128695,10 1/2 x 13 1/2 in,"Note on verso: """"4-CAL-394."""" This image is duplicated in ms0002_pho_0022, ms0002_pho_0225, ms0002_pho_0231, ms0002_pho_0237, ms0002_pho_0347, and ms0002_pho_0439. UCR CMP #1987.0027.4.UCSC.7",,,,,,,Box 3,ms0002_pho_0218
work,row:2,ms0002_pho_0068.tif,,ms0002_pho_0068.tif,,Cypress tree,http://id.loc.gov/authorities/names/n79056359,,1962-1968,1962; 1963; 1964; 1965; 1966; 1967; 1968,http://id.loc.gov/authorities/subjects/sh85137241; http://id.loc.gov/authorities/subjects/sh85101229; Campus grounds,,,http://purl.org/dc/dcmitype/Image,http://vocab.getty.edu/aat/300128695,6 1/2 x 6 1/2 in,"Note on verso: """"4-UCSC-20"""". This image is duplicated in ms0002_pho_0076, ms0002_pho_0077, and ms0002_pho_0202. UCRCMP #1987.0027.4.UCSC.20",,,,,,,Box 1,ms0002_pho_0068
work,row:2,ms0002_pho_0071.tif,,ms0002_pho_0071.tif,,Cypress tree,http://id.loc.gov/authorities/names/n79056359,,1962-1968,1962; 1963; 1964; 1965; 1966; 1967; 1968,http://id.loc.gov/authorities/subjects/sh85137241; Campus grounds,,,http://purl.org/dc/dcmitype/Image,http://vocab.getty.edu/aat/300128695,7 1/4 x 9 1/2 in,"Note on verso: """"4 - UCSC - 22"""". This image is duplicated in ms0002_pho_0079 and ms0002_pho_0382. UCRCMP #1987.0027.4.UCSC.22",,,,,,,Box 1,ms0002_pho_0071
work,row:2,ms0002_pho_0142.tif,,ms0002_pho_0142.tif,,"Cypress tree, detail of bark",http://id.loc.gov/authorities/names/n79056359,,1962-1968,1962; 1963; 1964; 1965; 1966; 1967; 1968,http://id.loc.gov/authorities/subjects/sh85137241; Campus grounds,,,http://purl.org/dc/dcmitype/Image,http://vocab.getty.edu/aat/300128695,8 x 10 in,"Note on verso: """"4-UCSC-39"""". This image is duplicated in ms0002_pho_0148 and ms0002_pho_0409. UCR CMP #1987.0027.4.UCSC.39",,,,,,,Box 1,ms0002_pho_0142
work,row:2,ms0002_pho_0140.tif,,ms0002_pho_0140.tif,,"Cypress tree, detail of bark",http://id.loc.gov/authorities/names/n79056359,,1962-1968,1962; 1963; 1964; 1965; 1966; 1967; 1968,http://id.loc.gov/authorities/subjects/sh85137241; Campus grounds,,,http://purl.org/dc/dcmitype/Image,http://vocab.getty.edu/aat/300128695,7 1/2 x 9 1/2 in,"Note on verso: """"4-UCSC-40"""". This image is duplicated in ms0002_pho_0407.",,,,,,,Box 1,ms0002_pho_0140
work,row:2,ms0002_pho_0221.tif,,ms0002_pho_0221.tif,,Dean McHenry in redwoods at Hahn Student Services,http://id.loc.gov/authorities/names/n79056359,,1965-1968,1965; 1966; 1967; 1968,,http://id.loc.gov/authorities/names/n50007243,http://www.geonames.org/11903363/hahn-student-services.html,http://purl.org/dc/dcmitype/Image,http://vocab.getty.edu/aat/300128695,10 1/2 x 13 1/2  in,"This image is duplicated in ms0002_pho_0150, ms0002_pho_0244, ms0002_pho_0280, ms0002_pho_0414, and ms002_pho_0453. UCR CMP #This image is duplicated in ms0002_pho_0005, ms0002_pho_0257, ms0002_pho_0312, ms0002_pho_0358, and ms0002_pho_0457. UCR CMP #1987.0027.6.UCSC.10.11",,,,,,,Box 3,ms0002_pho_0221
work,row:2,ms0002_pho_0059.tif,,ms0002_pho_0059.tif,,"Dean McHenry speaking at the first faculty and staff luncheon on campus, at the East Field House",http://id.loc.gov/authorities/names/n79056359,,1965,1965,,http://id.loc.gov/authorities/names/n50007243,http://www.geonames.org/11903395/east-field-house.html,http://purl.org/dc/dcmitype/Image,http://vocab.getty.edu/aat/300192703,6 x 4 in,"This image is duplicated in ms0002_pho_0060, ms0002_pho_0379.",,,,,,,Box 1,ms0002_pho_0059
work,row:2,ms0002_pho_0072.tif,,ms0002_pho_0072.tif,,"Dean McHenry speaking at an outdoor location, with UC President Clark Kerr",http://id.loc.gov/authorities/names/n79056359,,1965,1965,,http://id.loc.gov/authorities/names/n50007243; http://id.loc.gov/authorities/names/n78093730,,http://purl.org/dc/dcmitype/Image,http://vocab.getty.edu/aat/300128695,9 1/2 x 7 1/2 in,,,,,,,,Box 1,ms0002_pho_0072
work,row:2,ms0002_pho_0058.tif,,ms0002_pho_0058.tif,,"Dean McHenry speaking at the first faculty and staff luncheon on campus, at the East Field House",http://id.loc.gov/authorities/names/n79056359,,1965,1965,,http://id.loc.gov/authorities/names/n50007243,http://www.geonames.org/11903395/east-field-house.html,http://purl.org/dc/dcmitype/Image,http://vocab.getty.edu/aat/300128695,8 1/2 x 6 1/2 in,,,,,,,,Box 1,ms0002_pho_0058
work,row:2,ms0002_pho_0396.tif,,ms0002_pho_0396.tif,,"Dean McHenry speaking at the first faculty and staff luncheon on campus, at the East Field House",http://id.loc.gov/authorities/names/n79056359,,1965,1965,,http://id.loc.gov/authorities/names/n50007243,http://www.geonames.org/11903395/east-field-house.html,http://purl.org/dc/dcmitype/Image,http://vocab.getty.edu/aat/300128695,7 1/2 x 9 1/2 in,,,,,,,,Box 2,ms0002_pho_0396
work,row:2,ms0002_pho_0085.tif,,ms0002_pho_0085.tif,,"McHenry Library, courtyard elevation",http://id.loc.gov/authorities/names/n79056359,,1966-1968,1966; 1967; 1968,,http://id.loc.gov/authorities/names/n79028220,,http://purl.org/dc/dcmitype/Image,http://vocab.getty.edu/aat/300128695,7 x 9 in,"This image is duplicated in ms0002_pho_0137, ms0002_pho_0292, ms0002_pho_0293, and ms0002_pho_0294.UCRMP #    1987.0027.3.UCSC.1",,,,,,,Box 1,ms0002_pho_0085
work,row:2,ms0002_pho_0479.tif,,ms0002_pho_0479.tif,,Mr. Cardiff of the Cowell Ranch,http://id.loc.gov/authorities/names/n79056359,,1962-1968,1962; 1963; 1964; 1965; 1966; 1967; 1968,http://id.loc.gov/authorities/subjects/sh85105182,,,http://purl.org/dc/dcmitype/Image,http://vocab.getty.edu/aat/300128695,9 1/2 x 12 in,,,,,,,,Box 6,ms0002_pho_0479
work,row:2,ms0002_pho_0088.tif,,ms0002_pho_0088.tif,,Oak tree silhouette,http://id.loc.gov/authorities/names/n79056359,,1962-1968,1962; 1963; 1964; 1965; 1966; 1967; 1968,http://id.loc.gov/authorities/subjects/sh85137241; http://id.loc.gov/authorities/subjects/sh85101229; Campus grounds,,,http://purl.org/dc/dcmitype/Image,http://vocab.getty.edu/aat/300128695,7 1/4 x 7 1/4 in,"Note on verso: """"6-UCSC-14-2."""" This image is duplicated in ms0002_pho_0026, ms0002_pho_0089, ms0002_pho_0265, ms0002_pho_0325,  ms0002_pho_0336, ms0002_pho_0373, and ms0002_pho_0469.",,,,,,,Box 1,ms0002_pho_0088
work,row:2,ms0002_pho_0337.tif,,ms0002_pho_0337.tif,,Oak tree silhouette,http://id.loc.gov/authorities/names/n79056359,,1962-1968,1962; 1963; 1964; 1965; 1966; 1967; 1968,http://id.loc.gov/authorities/subjects/sh85137241; Campus grounds,,,http://purl.org/dc/dcmitype/Image,http://vocab.getty.edu/aat/300128695,15 1/2 x 16 in,This image is duplicated in ms0002_pho_0017 and ms0002_pho_0351.,,,,,,,Box 6,ms0002_pho_0337
work,row:2,ms0002_pho_0097.tif,,ms0002_pho_0097.tif,,Oak tree silhouette,http://id.loc.gov/authorities/names/n79056359,,1962-1968,1962; 1963; 1964; 1965; 1966; 1967; 1968,http://id.loc.gov/authorities/subjects/sh85137241; Campus grounds,,,http://purl.org/dc/dcmitype/Image,http://vocab.getty.edu/aat/300128695,7 1/4 x 7 1/4 in,"Note on verso: """"6-UCSC-2-1."""" This image is duplicated in ms0002_pho_0029, ms0002_pho_0106, ms0002_pho_0107, ms0002_pho_0344, ms0002_pho_0352, ms0002_pho_0436, and ms0002_pho_0472. UCR CMP #1987.0027.6.UCSC.2.11",,,,,,,Box 1,ms0002_pho_0097
work,row:2,ms0002_pho_0095.tif,,ms0002_pho_0095.tif,,Oak tree,http://id.loc.gov/authorities/names/n79056359,,1962-1968,1962; 1963; 1964; 1965; 1966; 1967; 1968,http://id.loc.gov/authorities/subjects/sh85137241; Campus grounds,,,http://purl.org/dc/dcmitype/Image,http://vocab.getty.edu/aat/300128695,9 x 7 1/8 in,"Note on verso: """"6-UCSC-4-1"""". This image is duplicated in ms0002_pho_0096 and ms0002_pho_0405. UCR CMP #1987.0027.6.UCSC.17.1",,,,,,,Box 1,ms0002_pho_0095
work,row:2,ms0002_pho_0069.tif,,ms0002_pho_0069.tif,,Oak tree,http://id.loc.gov/authorities/names/n79056359,,1962-1968,1962; 1963; 1964; 1965; 1966; 1967; 1968,http://id.loc.gov/authorities/subjects/sh85137241; Campus grounds,,,http://purl.org/dc/dcmitype/Image,http://vocab.getty.edu/aat/300128695,7 1/2 x 9 1/2 in,"Note on verso: """"4 - UCSC - 42"""". This image is duplicated in ms0002_pho_0070 and ms0002_pho_0384.",,,,,,,Box 1,ms0002_pho_0069
work,row:2,ms0002_pho_0105.tif,,ms0002_pho_0105.tif,,Redwood trees,http://id.loc.gov/authorities/names/n79056359,,1962-1968,1962; 1963; 1964; 1965; 1966; 1967; 1968,http://id.loc.gov/authorities/subjects/sh85137241; Campus grounds,,,http://purl.org/dc/dcmitype/Image,http://vocab.getty.edu/aat/300128695,7 1/4 x 9 1/8  in,"Note on verso: """"6-UCSC-4-3"""". UCR CMP #1987.0027.6.UCSC.17.3",,,,,,,Box 1,ms0002_pho_0105
work,row:2,ms0002_pho_0339.tif,,ms0002_pho_0339.tif,,Redwood trees,http://id.loc.gov/authorities/names/n79056359,,1962-1968,1962; 1963; 1964; 1965; 1966; 1967; 1968,http://id.loc.gov/authorities/subjects/sh85137241; Campus grounds,,,http://purl.org/dc/dcmitype/Image,http://vocab.getty.edu/aat/300128695,15 3/4 x 16 1/2 in,"This image is duplicated in ms0002_pho_0004, ms0002_pho_0364, and ms0002_pho_0460.",,,,,,,Box 6,ms0002_pho_0339
work,row:2,ms0002_pho_0316.tif,,ms0002_pho_0316.tif,,Redwood trees,http://id.loc.gov/authorities/names/n79056359,,1962-1968,1962; 1963; 1964; 1965; 1966; 1967; 1968,http://id.loc.gov/authorities/subjects/sh85137241; Campus grounds,,,http://purl.org/dc/dcmitype/Image,http://vocab.getty.edu/aat/300128695,15 1/4 x 16 1/4 in,This image is duplicated in ms0002_pho_0018 and ms0002_pho_0367.,,,,,,,Box 6,ms0002_pho_0316
work,row:2,ms0002_pho_0064.tif,,ms0002_pho_0064.tif,,Redwood trees,http://id.loc.gov/authorities/names/n79056359,,1962-1968,1962; 1963; 1964; 1965; 1966; 1967; 1968,http://id.loc.gov/authorities/subjects/sh85137241; Campus grounds,,,http://purl.org/dc/dcmitype/Image,http://vocab.getty.edu/aat/300128695,6 1/2 x 8 1/2 in,"This image is duplicated in ms0002_pho_0073, ms0002_pho_0078, ms0002_pho_0199, ms0002_pho_0385, and ms0002_pho_0386. UCR CMP #1987.0027.4.UCSC.27",,,,,,,Box 1,ms0002_pho_0064
work,row:2,ms0002_pho_0118.tif,,ms0002_pho_0118.tif,,"Dean McHenry speaking at the first faculty and staff luncheon on campus, at the East Field House",http://id.loc.gov/authorities/names/n79056359,,1965,1965,,http://id.loc.gov/authorities/names/n50007243,http://www.geonames.org/11903395/east-field-house.html,http://purl.org/dc/dcmitype/Image,http://vocab.getty.edu/aat/300128695,7 3/4 x 7 1/4,"Same location of ms0002_pho_0116\; see photo for identifying information. This image is duplicated in ms0002_pho_0119, ms0002_pho_0122, and ms0002_pho_0394. Similar to UCRCMP #1987.0027.M.UCSC.13.27",,,,,,,Box 1,ms0002_pho_0118
work,row:2,ms0002_pho_0108.tif,,ms0002_pho_0108.tif,,"Dean McHenry speaking at the first faculty and staff luncheon on campus, at the East Field House",http://id.loc.gov/authorities/names/n79056359,,1965,1965,,http://id.loc.gov/authorities/names/n50007243,http://www.geonames.org/11903395/east-field-house.html,http://purl.org/dc/dcmitype/Image,http://vocab.getty.edu/aat/300128695,7 1/8 x 10 1/4 in,"Taken at the Field House between 9/65 and 5/66. Arentz\; Stevens, Stan\; Bottoms, Rita\; Glugliazzor, Charlolle\; Shink, David\; Ove, Wayne\; Howard, Orin\; Grizzich, Sylvia\; Molfino, Paul\; Rose, Jasper\; Kaplan, Burt\; Baldwin, Nadine\; Schoeder, Sue\; Walters, Robin\; Sanders, Aillen\; Marceron, Margaret. Rough Proof. Vester Dick. This image is duplicated in ms0002_pho_0116, and ms0002_pho_0117.",,,,,,,Box 1,ms0002_pho_0108
work,row:2,ms0002_pho_0224.tif,,ms0002_pho_0224.tif,,Students and families,http://id.loc.gov/authorities/names/n79056359,,1965-1966,1965; 1966,,,http://www.geonames.org/11903352/cook-house.html,http://purl.org/dc/dcmitype/Image,http://vocab.getty.edu/aat/300128695,10 1/2 x 12 in,This image is duplicated in ms0002_pho_0256 and ms0002_pho_0448.,,,,,,,Box 4,ms0002_pho_0224
work,row:2,ms0002_pho_0240.tif,,ms0002_pho_0240.tif,,Students and families,http://id.loc.gov/authorities/names/n79056359,,1965-1966,1965; 1966,,,http://www.geonames.org/11903352/cook-house.html,http://purl.org/dc/dcmitype/Image,http://vocab.getty.edu/aat/300128695,10 1/2 x 13 1/2 in,"Note on verso: """"Neg # 121 """"Non Santa Cruz"""". This image is duplicated in ms0002_pho_0213, ms0002_pho_0214, ms0002_pho_0215, ms0002_pho_0421, ms0002_pho_0459. UCR CMP #1987.0027.6.UCSC.19.10",,,,,,,Box 4,ms0002_pho_0240
work,row:2,ms0002_pho_0193.tif,,ms0002_pho_0193.tif,,Students and families,http://id.loc.gov/authorities/names/n79056359,,1965-1966,1965; 1966,,,http://www.geonames.org/11903352/cook-house.html,http://purl.org/dc/dcmitype/Image,http://vocab.getty.edu/aat/300128695,10 x 13 1/2 in,This image is duplicated in ms0002_pho_0195 and ms0002_pho_0212.,,,,,,,Box 3,ms0002_pho_0193
work,row:2,ms0002_pho_0258.tif,,ms0002_pho_0258.tif,,Students and families,http://id.loc.gov/authorities/names/n79056359,,1965-1966,1965; 1966,,,http://www.geonames.org/11903352/cook-house.html,http://purl.org/dc/dcmitype/Image,http://vocab.getty.edu/aat/300128695,10 1/2 x 13 1/2 in,"This image is duplicated in ms0002_pho_0262 and ms0002_pho_0263, ms0002_pho_0440.",,,,,,,Box 4,ms0002_pho_0258
work,row:2,ms0002_pho_0208.tif,,ms0002_pho_0208.tif,,"Students painting, April 1967",http://id.loc.gov/authorities/names/n79056359,,1967-04,1967-04,http://id.loc.gov/authorities/subjects/sh85028356; http://id.loc.gov/authorities/subjects/sh85096661,,,http://purl.org/dc/dcmitype/Image,http://vocab.getty.edu/aat/300128695,10 1/4 x 13 1/4 in,"Note on verso: """"6-UCSC-32-10, Painting Class, April '67"""". This image is duplicated in ms0002_pho_0270, ms0002_pho_0271, ms0002_pho_0272, ms0002_pho_0273, ms0002_pho_0274, ms0002_pho_0454. UCR CMP #1987.0027.6.UCSC.32.10",,,,,,,Box 3,ms0002_pho_0208
work,row:2,ms0002_pho_0286.tif,,ms0002_pho_0286.tif,,"Students painting, April  1967",http://id.loc.gov/authorities/names/n79056359,,1967-04,1967-04,http://id.loc.gov/authorities/subjects/sh85028356; http://id.loc.gov/authorities/subjects/sh85096661,,,http://purl.org/dc/dcmitype/Image,http://vocab.getty.edu/aat/300128695,10 3/4 x 14 in,"This image is duplicated in ms0002_pho_0289, ms0002_pho_0290, ms0002_pho_0291, and ms0002_pho_0419. UCR CMP #1987.0027.6.UCSC.33.3",,,,,,,Box 4,ms0002_pho_0286
work,row:2,ms0002_pho_0259.tif,,ms0002_pho_0259.tif,,"Students painting, April  1967",http://id.loc.gov/authorities/names/n79056359,,1967-04,1967-04,http://id.loc.gov/authorities/subjects/sh85028356; http://id.loc.gov/authorities/subjects/sh85096661,,,http://purl.org/dc/dcmitype/Image,http://vocab.getty.edu/aat/300128695,10 3/4 x 12 in,"This image is duplicated in ms0002_pho_0317 and ms0002_pho_0318, ms0002_pho_0323, and ms0002_pho_0473. UCR CMP #1987.0027.6.UCSC.30.10",,,,,,,Box 4,ms0002_pho_0259
work,row:2,ms0002_pho_0281.tif,,ms0002_pho_0281.tif,,Sun and Monterey Bay,http://id.loc.gov/authorities/names/n79056359,,1962-1968,1962; 1963; 1964; 1965; 1966; 1967; 1968,,,,http://purl.org/dc/dcmitype/Image,http://vocab.getty.edu/aat/300128695,10 1/2 x 12 1/4,This image is duplicated in ms0002_pho_0433.,,,,,,,Box 4,ms0002_pho_0281
work,row:2,ms0002_pho_0233.tif,,ms0002_pho_0233.tif,,Tree roots,http://id.loc.gov/authorities/names/n79056359,,1962-1968,1962; 1963; 1964; 1965; 1966; 1967; 1968,http://id.loc.gov/authorities/subjects/sh85137241; Campus grounds,,,http://purl.org/dc/dcmitype/Image,http://vocab.getty.edu/aat/300128695,10 1/2 x 13 1/4 in,"Note on verso: """"S-50\; H-50"""". This image is duplicated in ms0002_pho_0423.",,,,,,,Box 4,ms0002_pho_0233
work,row:2,ms0002_pho_0220.tif,,ms0002_pho_0220.tif,,Tree trunk and branches,http://id.loc.gov/authorities/names/n79056359,,1962-1968,1962; 1963; 1964; 1965; 1966; 1967; 1968,http://id.loc.gov/authorities/subjects/sh85137241; Campus grounds,,,http://purl.org/dc/dcmitype/Image,http://vocab.getty.edu/aat/300128695,10 1/2 x 12 3/4 in,,,,,,,,Box 3,ms0002_pho_0220
work,row:2,ms0002_pho_0184.tif,,ms0002_pho_0184.tif,,Tree trunk and branches,http://id.loc.gov/authorities/names/n79056359,,1962-1968,1962; 1963; 1964; 1965; 1966; 1967; 1968,http://id.loc.gov/authorities/subjects/sh85137241; Campus grounds,,,http://purl.org/dc/dcmitype/Image,http://vocab.getty.edu/aat/300128695,10 x 10 1/2 in,,,,,,,,Box 3,ms0002_pho_0184
work,row:2,ms0002_pho_0422.tif,,ms0002_pho_0422.tif,,Tree trunk and roots,http://id.loc.gov/authorities/names/n79056359,,1962-1968,1962; 1963; 1964; 1965; 1966; 1967; 1968,http://id.loc.gov/authorities/subjects/sh85137241; Campus grounds,,,http://purl.org/dc/dcmitype/Image,http://vocab.getty.edu/aat/300128695,15 1/2 x 16 3/4 in,"This image is duplicated in ms0002_pho_0203, ms0002_pho_0227 ms0002_pho_0276, ms0002_pho_0278, ms0002_pho_0279, and ms0002_pho_0447. UCR CMP #   1987.0027.6.UCSC.21.10",,,,,,,Box 5,ms0002_pho_0422
work,row:2,ms0002_pho_0045.tif,,ms0002_pho_0045.tif,,UC Santa Cruz: first registration day,http://id.loc.gov/authorities/names/n79056359,,1965-09-28,1965-09-28,http://id.loc.gov/authorities/subjects/sh85028356,,,http://purl.org/dc/dcmitype/Image,http://vocab.getty.edu/aat/300128695,5 1/4 x 8 in,"Chancellor's Memo, July 1965: ""Over 600 students will begin orientation and registration on Tuesday and Wednesday, September 28-29 with sixty members of the faculty on hand to welcome and counsel. Instruction will start on Monday, October 4. Of the initial student group, 500 will be freshmen, most of the remainder juniors, but a half dozen will be graduate students. Over 500 students have requested University housing in the fall, causing the Business Services and Physical Planning offices to make arrangements for two additional clusters of trailers with total accommodations for 512 students.""  This image is duplicated in ms0002_pho_0046, ms0002_pho_0047, ms0002_pho_0061, ms0002_pho_0062, ms0002_pho_0063, and ms0002_pho_0380.",,,,,,,Box 1,ms0002_pho_0045
work,row:2,ms0002_pho_0123.tif,,ms0002_pho_0123.tif,,UC Santa Cruz: first registration day,http://id.loc.gov/authorities/names/n79056359,,1965-09-28,1965-09-28,http://id.loc.gov/authorities/subjects/sh85028356,,,http://purl.org/dc/dcmitype/Image,http://vocab.getty.edu/aat/300128695,"7 1/4 x 7 1/4 in,","Chancellor's Memo, July 1965: ""Over 600 students will begin orientation and registration on Tuesday and Wednesday, September 28-29 with sixty members of the faculty on hand to welcome and counsel. Instruction will start on Monday, October 4. Of the initial student group, 500 will be freshmen, most of the remainder juniors, but a half dozen will be graduate students. Over 500 students have requested University housing in the fall, causing the Business Services and Physical Planning offices to make arrangements for two additional clusters of trailers with total accommodations for 512 students.""  This image is duplicated in ms0002_pho_0124, ms0002_pho_0125, and ms0002_pho_0400.",,,,,,,Box 1,ms0002_pho_0123
work,row:2,ms0002_pho_0044.tif,,ms0002_pho_0044.tif,,UC Santa Cruz: first registration day,http://id.loc.gov/authorities/names/n79056359,,1965-09-28,1965-09-28,http://id.loc.gov/authorities/subjects/sh85028356,,,http://purl.org/dc/dcmitype/Image,http://vocab.getty.edu/aat/300128695,10 1/2 x 13 1/2 in,"Chancellor's Memo, July 1965: ""Over 600 students will begin orientation and registration on Tuesday and Wednesday, September 28-29 with sixty members of the faculty on hand to welcome and counsel. Instruction will start on Monday, October 4. Of the initial student group, 500 will be freshmen, most of the remainder juniors, but a half dozen will be graduate students. Over 500 students have requested University housing in the fall, causing the Business Services and Physical Planning offices to make arrangements for two additional clusters of trailers with total accommodations for 512 students.""  This image is duplicated in ms0002_pho_0043, ms0002_pho_0161, ms0002_pho_0162, ms0002_pho_0163, ms0002_pho_0164, and ms0002_pho_0415.",,,,,,,Box 1,ms0002_pho_0044
work,row:2,ms0002_pho_0135.tif,,ms0002_pho_0135.tif,,UC Santa Cruz: first registration day,http://id.loc.gov/authorities/names/n79056359,,1965-09-28,1965-09-28,http://id.loc.gov/authorities/subjects/sh85028356,,,http://purl.org/dc/dcmitype/Image,http://vocab.getty.edu/aat/300128695,7 1/2 x 9 1/2 in,"Chancellor's Memo, July 1965: ""Over 600 students will begin orientation and registration on Tuesday and Wednesday, September 28-29 with sixty members of the faculty on hand to welcome and counsel. Instruction will start on Monday, October 4. Of the initial student group, 500 will be freshmen, most of the remainder juniors, but a half dozen will be graduate students. Over 500 students have requested University housing in the fall, causing the Business Services and Physical Planning offices to make arrangements for two additional clusters of trailers with total accommodations for 512 students.""  This image is duplicated in ms0002_pho_0134, and ms0002_pho_0401",,,,,,,Box 1,ms0002_pho_0135
work,row:2,ms0002_pho_0112.tif,,ms0002_pho_0112.tif,,UC Santa Cruz: first registration day,http://id.loc.gov/authorities/names/n79056359,,1965-09-28,1965-09-28,http://id.loc.gov/authorities/subjects/sh85028356,,,http://purl.org/dc/dcmitype/Image,http://vocab.getty.edu/aat/300128695,"7 1/4 x 7 1/4 in,","Chancellor's Memo, July 1965: ""Over 600 students will begin orientation and registration on Tuesday and Wednesday, September 28-29 with sixty members of the faculty on hand to welcome and counsel. Instruction will start on Monday, October 4. Of the initial student group, 500 will be freshmen, most of the remainder juniors, but a half dozen will be graduate students. Over 500 students have requested University housing in the fall, causing the Business Services and Physical Planning offices to make arrangements for two additional clusters of trailers with total accommodations for 512 students.""  This image is duplicated in ms0002_pho_0109, ms0002_pho_0111, ms0002_pho_0132, ms0002_pho_0133, and ms0002_pho_0403",,,,,,,Box 1,ms0002_pho_0112
work,row:2,ms0002_pho_0048.tif,,ms0002_pho_0048.tif,,"UC Santa Cruz: first registration day: Page Smith, provost of Cowell College, giving directions to a student",http://id.loc.gov/authorities/names/n79056359,,1965-09-28,1965-09-28,http://id.loc.gov/authorities/subjects/sh85010201; http://id.loc.gov/authorities/subjects/sh85028356,http://id.loc.gov/authorities/names/n79056180,,http://purl.org/dc/dcmitype/Image,http://vocab.getty.edu/aat/300128695,6 1/4 x 9 in,"Chancellor's Memo, July 1965: ""Over 600 students will begin orientation and registration on Tuesday and Wednesday, September 28-29 with sixty members of the faculty on hand to welcome and counsel. Instruction will start on Monday, October 4. Of the initial student group, 500 will be freshmen, most of the remainder juniors, but a half dozen will be graduate students. Over 500 students have requested University housing in the fall, causing the Business Services and Physical Planning offices to make arrangements for two additional clusters of trailers with total accommodations for 512 students.""  This image is duplicated in ms0002_pho_0042, ms0002_pho_0049, ms0002_pho_0050, ms0002_pho_0051, ms0002_pho_0052, ms0002_pho_0053, and ms0002_pho_0054.",,,,,,,Box 1,ms0002_pho_0048
work,row:2,ms0002_pho_0127.tif,,ms0002_pho_0127.tif,,UC Santa Cruz: first registration day,http://id.loc.gov/authorities/names/n79056359,,1965-09-28,1965-09-28,http://id.loc.gov/authorities/subjects/sh85028356,,,http://purl.org/dc/dcmitype/Image,http://vocab.getty.edu/aat/300128695,8 x 10 in,"Chancellor's Memo, July 1965: ""Over 600 students will begin orientation and registration on Tuesday and Wednesday, September 28-29 with sixty members of the faculty on hand to welcome and counsel. Instruction will start on Monday, October 4. Of the initial student group, 500 will be freshmen, most of the remainder juniors, but a half dozen will be graduate students. Over 500 students have requested University housing in the fall, causing the Business Services and Physical Planning offices to make arrangements for two additional clusters of trailers with total accommodations for 512 students.""  This image is duplicated in ms0002_pho_0113, ms0002_pho_0115, ms0002_pho_0128, ms0002_pho_0129, ms0002_pho_0130, ms0002_pho_0131, ms0002_pho_0149,ms0002_pho_0161, and ms0002_pho_0397.",,,,,,,Box 1,ms0002_pho_0127
work,row:2,ms0002_pho_0075.tif,,ms0002_pho_0075.tif,,Wild mushrooms,http://id.loc.gov/authorities/names/n79056359,,1962-1968,1962; 1963; 1964; 1965; 1966; 1967; 1968,http://id.loc.gov/authorities/subjects/sh85088751,,,http://purl.org/dc/dcmitype/Image,http://vocab.getty.edu/aat/300128695,6 3/4 x 9 1/2 in,"Note on verso: """"4 - UCSC - 37"""". This image is duplicated in ms0002_pho_0305, and ms0002_pho_0476.",,,,,,,Box 1,ms0002_pho_0075
work,row:2,ms0002_pho_0074.tif,,ms0002_pho_0074.tif,,Wild mushrooms,http://id.loc.gov/authorities/names/n79056359,,1962-1968,1962; 1963; 1964; 1965; 1966; 1967; 1968,http://id.loc.gov/authorities/subjects/sh85088751,,,http://purl.org/dc/dcmitype/Image,http://vocab.getty.edu/aat/300128695,6 3/4 x 9 1/4 in,"Note on verso: """"4 - UCSC - 37"""". This image is duplicated in ms0002_pho_0383.",,,,,,,Box 1,ms0002_pho_0074